x,y,wl,wr,slope,friction_coefficient
186.2567004,-222.7031437,4.74830092,4.75552157,-1,-1
185.5907873,-221.9571134,4.72679125,4.72621162,-1,-1
184.9305564,-221.2060503,4.70658132,4.70213387,-1,-1
184.2732137,-220.4524586,4.68717329,4.68069685,-1,-1
183.6172856,-219.6976352,4.66754799,4.66053986,-1,-1
182.9614698,-218.9427143,4.64689099,4.64050154,-1,-1
182.3049216,-218.1884302,4.6250851,4.61993463,-1,-1
181.6470739,-217.4352791,4.60192653,4.59854903,-1,-1
180.9877062,-216.6834587,4.57914036,4.57604196,-1,-1
180.3290575,-215.931008,4.56028604,4.55345896,-1,-1
179.6747777,-215.1747543,4.54738405,4.5331988,-1,-1
179.0275154,-214.4124894,4.53968122,4.51843016,-1,-1
178.3850522,-213.6461718,4.53566974,4.51196676,-1,-1
177.7428065,-212.8796726,4.53148824,4.51452787,-1,-1
177.0975565,-212.1157019,4.53665986,4.52430135,-1,-1
176.4498853,-211.3537816,4.54722768,4.53665266,-1,-1
175.8018473,-210.5921737,4.55930522,4.5483142,-1,-1
175.1545333,-209.8299503,4.57033887,4.55825215,-1,-1
174.5078258,-209.0672121,4.58001265,4.5675665,-1,-1
173.8613296,-208.3042949,4.58928298,4.57708012,-1,-1
173.2147445,-207.5414531,4.59894526,4.58722078,-1,-1
172.5676643,-206.779031,4.60941575,4.59797932,-1,-1
171.9196566,-206.0173973,4.62056983,4.60888857,-1,-1
171.2711068,-205.2562251,4.63127707,4.61815592,-1,-1
170.6229719,-204.4946995,4.63974272,4.62387725,-1,-1
169.9759685,-203.7322125,4.64401216,4.62516592,-1,-1
169.3295461,-202.9692327,4.64220425,4.62367143,-1,-1
168.6829172,-202.2064279,4.63950764,4.62144753,-1,-1
168.0357082,-201.4441154,4.63782323,4.6200028,-1,-1
167.388328,-200.6819481,4.6371063,4.61903608,-1,-1
166.7412237,-199.9195467,4.63634863,4.61794345,-1,-1
166.0944967,-199.1568251,4.63499205,4.61649678,-1,-1
165.447647,-198.3942076,4.63349004,4.61553384,-1,-1
164.7999667,-197.6322953,4.63290545,4.61578904,-1,-1
164.1514134,-196.8711262,4.63364287,4.6165144,-1,-1
163.5036536,-196.1092814,4.63384028,4.61472948,-1,-1
162.8589962,-195.3448097,4.63039719,4.60794777,-1,-1
162.218549,-194.5768081,4.62159627,4.59612217,-1,-1
161.5810879,-193.8063253,4.60970627,4.58256732,-1,-1
160.944944,-193.0347549,4.59756909,4.57036388,-1,-1
160.3094678,-192.2626343,4.58562109,4.56121168,-1,-1
159.6751236,-191.4895836,4.57637671,4.55443318,-1,-1
159.0422145,-190.7153575,4.56945982,4.54904447,-1,-1
158.4105675,-189.9401014,4.56389583,4.54432148,-1,-1
157.7796425,-189.1642575,4.55921668,4.54021593,-1,-1
157.1488624,-188.388296,4.55527955,4.53664636,-1,-1
156.5178979,-187.6124843,4.55186452,4.53317557,-1,-1
155.886923,-186.8366809,4.54825865,4.52913801,-1,-1
155.256436,-186.0604811,4.54385616,4.52429703,-1,-1
154.6263796,-185.2839318,4.53896866,4.5195561,-1,-1
153.9956818,-184.5079032,4.53495269,4.51659752,-1,-1
153.3628963,-183.7335761,4.53334339,4.51655443,-1,-1
152.7275446,-182.9613534,4.53444338,4.51881477,-1,-1
152.090617,-182.1904296,4.53701538,4.52163683,-1,-1
151.4535054,-181.4196581,4.53956113,4.52382268,-1,-1
150.8169141,-180.6484567,4.54139543,4.52524996,-1,-1
150.1807196,-179.876928,4.54272444,4.52652509,-1,-1
149.5446516,-179.105295,4.54400736,4.52805995,-1,-1
148.9086844,-178.3335789,4.54555692,4.53004219,-1,-1
148.2727098,-177.5618689,4.54764729,4.5321854,-1,-1
147.6363463,-176.7904796,4.5500051,4.53391896,-1,-1
146.9990669,-176.0198468,4.55201351,4.5346384,-1,-1
146.3607936,-175.2500369,4.55280877,4.53428636,-1,-1
145.7219726,-174.4806815,4.55236792,4.53337639,-1,-1
145.0831668,-173.7113135,4.55131932,4.53252586,-1,-1
144.4445789,-172.9417646,4.55045062,4.53195554,-1,-1
143.8061034,-172.1721224,4.54992064,4.53153994,-1,-1
143.1675992,-171.4025041,4.54954672,4.53110435,-1,-1
142.5290352,-170.6329354,4.54911334,4.53058686,-1,-1
141.8904505,-169.8633839,4.54858333,4.53001502,-1,-1
141.2518664,-169.0938318,4.54801071,4.5294554,-1,-1
140.6132751,-168.3242857,4.54746658,4.52896675,-1,-1
139.9746646,-167.5547556,4.54699858,4.52856006,-1,-1
139.3360942,-166.7851922,4.54656286,4.52811929,-1,-1
138.697615,-166.0155532,4.5460724,4.52746031,-1,-1
138.0592124,-165.2458505,4.54536565,4.52653133,-1,-1
137.4206271,-164.4762994,4.54457448,4.52578228,-1,-1
136.781676,-163.7070521,4.54402927,4.52590045,-1,-1
136.1423881,-162.9380846,4.54442524,4.52749789,-1,-1
135.5027935,-162.1693722,4.54636821,4.53029753,-1,-1
134.8621164,-161.4015618,4.54989437,4.53303753,-1,-1
134.2191616,-160.6356576,4.55343928,4.53399984,-1,-1
133.5733354,-159.8721733,4.55000141,4.53221339,-1,-1
132.9252045,-159.1106443,4.54389767,4.52797194,-1,-1
132.2756478,-158.3503312,4.53693664,4.52206889,-1,-1
131.6253143,-157.5906823,4.52965571,4.51524503,-1,-1
130.9746926,-156.8312803,4.52261756,4.50808437,-1,-1
130.3242676,-156.0717099,4.51603739,4.50114642,-1,-1
129.6740437,-155.3119672,4.50924497,4.49444711,-1,-1
129.0235661,-154.5524417,4.50151554,4.48747997,-1,-1
128.3723511,-153.7935485,4.49328087,4.47969091,-1,-1
127.7211206,-153.0346685,4.48671917,4.47184166,-1,-1
127.0714321,-152.2744677,4.48367997,4.46566966,-1,-1
126.4247531,-151.5117059,4.48438578,4.46268821,-1,-1
125.7811244,-150.7463678,4.48192737,4.4626394,-1,-1
125.1398237,-149.9790782,4.48163877,4.46435078,-1,-1
124.5000947,-149.2104776,4.48320473,4.46698117,-1,-1
123.8612063,-148.4411782,4.48582877,4.47018076,-1,-1
123.2224249,-147.6717899,4.4892013,4.47359546,-1,-1
122.5833558,-146.9026406,4.49271919,4.47690627,-1,-1
121.9440869,-146.1336573,4.49599624,4.48006634,-1,-1
121.3048131,-145.3646781,4.49909969,4.48317632,-1,-1
120.6655804,-144.5956647,4.50219216,4.48628681,-1,-1
120.026324,-143.8266711,4.505319,4.48938475,-1,-1
119.3869774,-143.0577524,4.50843397,4.49243031,-1,-1
118.747616,-142.288846,4.51142482,4.4954402,-1,-1
118.1084091,-141.5198112,4.51433813,4.49850913,-1,-1
117.4694212,-140.7505944,4.51736179,4.501708,-1,-1
116.8303024,-139.9814864,4.52074851,4.50492905,-1,-1
116.1904548,-139.2129846,4.52427687,4.50780662,-1,-1
115.5499593,-138.4450228,4.52709881,4.51026296,-1,-1
114.910369,-137.6763066,4.52869498,4.51291145,-1,-1
114.2738007,-136.9050863,4.53007457,4.51697738,-1,-1
113.6411256,-136.1306693,4.53321702,4.52319935,-1,-1
113.0114485,-135.3538121,4.53917732,4.53166021,-1,-1
112.3834168,-134.5756244,4.54768631,4.54195274,-1,-1
111.7559148,-133.7970094,4.55823574,4.55331593,-1,-1
111.1280781,-133.0186643,4.56991135,4.56468359,-1,-1
110.499447,-132.2409608,4.5814146,4.57531451,-1,-1
109.8710552,-131.4630635,4.59139029,4.58584599,-1,-1
109.2448607,-130.6833967,4.60096529,4.59800582,-1,-1
108.6206245,-129.9021619,4.61336408,4.61185778,-1,-1
107.9934512,-129.1232792,4.62980852,4.62395527,-1,-1
107.35675,-128.3521717,4.64540846,4.62881775,-1,-1
106.709473,-127.5899178,4.63700366,4.62533327,-1,-1
106.0566161,-126.832435,4.62799563,4.61722973,-1,-1
105.4042077,-126.074568,4.62326479,4.60967276,-1,-1
104.754174,-125.3146626,4.61940898,4.60409262,-1,-1
104.1052165,-124.5538378,4.614028,4.59899882,-1,-1
103.4558475,-123.7933644,4.6070483,4.59261195,-1,-1
102.8063303,-123.0330175,4.60080506,4.58570004,-1,-1
102.1574519,-122.2721254,4.59748701,4.58092248,-1,-1
101.5094744,-121.510466,4.59818475,4.58047107,-1,-1
100.8617624,-120.7485807,4.6019437,4.58408701,-1,-1
100.2141676,-119.9865957,4.60582425,4.58971918,-1,-1
99.56705856,-119.2241983,4.61134262,4.59581208,-1,-1
98.92065907,-118.4611992,4.61716927,4.60171662,-1,-1
98.27454625,-117.6979572,4.6231059,4.6075005,-1,-1
97.62830772,-116.9348217,4.62892663,4.61324148,-1,-1
96.98197788,-116.1717636,4.63463216,4.61913779,-1,-1
96.33585968,-115.4085262,4.64040415,4.62526157,-1,-1
95.68986204,-114.6451868,4.64658559,4.63130657,-1,-1
95.04341007,-113.8822321,4.65287434,4.63680373,-1,-1
94.39574219,-113.1203094,4.65800605,4.64147559,-1,-1
93.74635649,-112.3598501,4.65981024,4.64523856,-1,-1
93.09527894,-111.600839,4.66058601,4.64737154,-1,-1
92.44362029,-110.8423266,4.66113467,4.6470693,-1,-1
91.79389602,-110.0821563,4.6630645,4.64511361,-1,-1
91.14861438,-109.3182119,4.66365747,4.64390726,-1,-1
90.50835263,-108.5500553,4.66131862,4.64522709,-1,-1
89.87170871,-107.7788973,4.66233559,4.64869907,-1,-1
89.23690275,-107.0062256,4.66577699,4.65321537,-1,-1
88.60304161,-106.2327788,4.67016027,4.65842574,-1,-1
87.9700344,-105.4586328,4.67516396,4.66473481,-1,-1
87.33819627,-104.6835326,4.68126628,4.67247957,-1,-1
86.70639932,-103.9083987,4.68965142,4.68040361,-1,-1
86.07214742,-103.1352714,4.69882272,4.68585913,-1,-1
85.43275168,-102.3663949,4.70576093,4.68615589,-1,-1
84.78859096,-101.6015044,4.69919857,4.68169178,-1,-1
84.14231541,-100.8384,4.69266896,4.67502198,-1,-1
83.49688837,-100.0745783,4.68802411,4.66839479,-1,-1
82.85330059,-99.30920597,4.68316735,4.66205465,-1,-1
82.211038,-98.5427213,4.67696876,4.65528584,-1,-1
81.56922458,-97.77586045,4.66945267,4.64774357,-1,-1
80.92753815,-97.00889336,4.66154894,4.63963184,-1,-1
80.28610956,-96.2417106,4.65376756,4.63141977,-1,-1
79.64506818,-95.4742043,4.64597977,4.62337329,-1,-1
79.00407788,-94.70665531,4.63745811,4.61529298,-1,-1
78.36249789,-93.93959916,4.62796165,4.60670864,-1,-1
77.72011618,-93.17321439,4.61876399,4.5976147,-1,-1
77.07801665,-92.40659299,4.61243308,4.58928518,-1,-1
76.43816299,-91.63809613,4.60616056,4.58320105,-1,-1
75.80195493,-90.86657886,4.5991793,4.57964052,-1,-1
75.16894889,-90.09243206,4.5952335,4.57720088,-1,-1
74.53684229,-89.31755048,4.59331864,4.57565667,-1,-1
73.90262544,-88.54439502,4.59339585,4.57672647,-1,-1
73.26383978,-87.77501054,4.59692365,4.5822919,-1,-1
72.62017229,-87.00970574,4.60437012,4.59117995,-1,-1
71.97416125,-86.24637724,4.6133566,4.60080778,-1,-1
71.32923554,-85.48213196,4.62183412,4.61011059,-1,-1
70.6871478,-84.71550113,4.6301321,4.62029205,-1,-1
70.04708534,-83.94717809,4.64028528,4.63203546,-1,-1
69.40738942,-83.17855,4.65242223,4.64476789,-1,-1
68.76711524,-82.41040359,4.66544027,4.65739319,-1,-1
68.12639938,-81.64262549,4.67796942,4.66952273,-1,-1
67.48568076,-80.87484971,4.68992213,4.68133714,-1,-1
66.84506352,-80.10698934,4.70168162,4.69331286,-1,-1
66.20440242,-79.33916556,4.71373122,4.70577819,-1,-1
65.56367545,-78.57139674,4.72622775,4.71863019,-1,-1
64.92321105,-77.80340888,4.73883986,4.73090587,-1,-1
64.28327716,-77.03497892,4.75069904,4.74147016,-1,-1
63.64380473,-76.26616489,4.76086509,4.74973569,-1,-1
63.00367458,-75.49789845,4.76937655,4.75536324,-1,-1
62.36117601,-74.73161117,4.77571755,4.75740733,-1,-1
61.71478796,-73.968603,4.76911834,4.75475252,-1,-1
61.06523041,-73.20829037,4.76079212,4.74829487,-1,-1
60.41463906,-72.44886224,4.75358949,4.74058694,-1,-1
59.76478455,-71.68880377,4.74784209,4.73376448,-1,-1
59.11553907,-70.92822476,4.74182501,4.72788219,-1,-1
58.465896,-70.16798543,4.73503689,4.72184752,-1,-1
57.81570718,-69.40821281,4.72839931,4.71503903,-1,-1
57.16619394,-68.64786238,4.72356572,4.70813577,-1,-1
56.51900806,-67.88553027,4.72083474,4.70229171,-1,-1
55.87479811,-67.12068162,4.71839626,4.69717638,-1,-1
55.23315053,-66.353682,4.71406238,4.69113694,-1,-1
54.59333975,-65.58514953,4.7067489,4.68286744,-1,-1
53.95456097,-64.81575906,4.69754881,4.67323614,-1,-1
53.31611298,-64.04609408,4.688036,4.66363369,-1,-1
52.67751858,-63.27655059,4.67909703,4.65484549,-1,-1
52.03862372,-62.50725652,4.67026851,4.64634992,-1,-1
51.3993223,-61.73830029,4.66098179,4.63751952,-1,-1
50.75968159,-60.96962628,4.65167902,4.62806605,-1,-1
50.12048891,-60.20057959,4.64377685,4.61870016,-1,-1
49.4828877,-59.43021302,4.6350235,4.61062498,-1,-1
48.84724018,-58.65823369,4.62671051,4.60469264,-1,-1
48.21253778,-57.88547696,4.62117625,4.60060553,-1,-1
47.57737089,-57.113102,4.61775733,4.59765388,-1,-1
46.9405881,-56.34205884,4.61572422,4.5960102,-1,-1
46.30153516,-55.57289595,4.61518531,4.59668012,-1,-1
45.65981694,-54.80595567,4.61718477,4.60022563,-1,-1
45.01610165,-54.04069054,4.62136551,4.60519575,-1,-1
44.37166598,-53.2760319,4.6263309,4.61004479,-1,-1
43.72703256,-52.51154051,4.63127965,4.61536291,-1,-1
43.07975406,-51.74928522,4.63881568,4.62528603,-1,-1
42.42575041,-50.99279582,4.65009497,4.6419485,-1,-1
41.76542428,-50.24181647,4.6650914,4.65878414,-1,-1
41.10680021,-49.48934606,4.67769993,4.66527129,-1,-1
40.45786397,-48.7284931,4.68088413,4.65702492,-1,-1
39.82337249,-47.95559806,4.66800751,4.64488529,-1,-1
39.06721371,-47.03152792,4.62449994,4.62449994,-1,-1
39.06721371,-47.03152792,4.62449994,4.62449994,-1,-1
38.43955432,-46.25303984,4.60802,4.60802667,-1,-1
37.8136428,-45.47313923,4.58941401,4.59008254,-1,-1
37.17021333,-44.7076431,4.58794891,4.58785467,-1,-1
36.52573858,-43.94301482,4.58677762,4.58691555,-1,-1
35.88128711,-43.17837033,4.58529363,4.58536975,-1,-1
35.23702325,-42.41356684,4.58412156,4.58419159,-1,-1
34.5929781,-41.64857941,4.58312712,4.58319458,-1,-1
33.94854001,-40.8839229,4.58166898,4.58179397,-1,-1
33.30310957,-40.12010386,4.57917267,4.57935311,-1,-1
32.65756114,-39.35638455,4.57668075,4.57680152,-1,-1
32.01408685,-38.59091672,4.57654277,4.57643326,-1,-1
31.37471182,-37.82202178,4.58073098,4.58033938,-1,-1
30.73873771,-37.05031139,4.58832272,4.58777144,-1,-1
30.10396954,-36.27760872,4.59701701,4.59646655,-1,-1
29.4685298,-35.50545827,4.60482799,4.60435837,-1,-1
28.83255545,-34.73374808,4.61148935,4.61109038,-1,-1
28.19689788,-33.96177692,4.61730996,4.61695079,-1,-1
27.56183327,-33.18931791,4.62294842,4.62257563,-1,-1
26.92655804,-32.41703208,4.6292737,4.62882597,-1,-1
26.29026947,-31.64558096,4.63695295,4.63641812,-1,-1
25.65320898,-30.87476714,4.64548594,4.64492895,-1,-1
25.0159056,-30.10415414,4.65384426,4.65331712,-1,-1
24.37802821,-29.33401622,4.661848,4.66132092,-1,-1
23.73802712,-28.56564217,4.67033622,4.66974318,-1,-1
23.09440544,-27.8002984,4.67968789,4.6790619,-1,-1
22.44742856,-27.0377888,4.68844804,4.68790923,-1,-1
21.79858528,-26.27686672,4.69530918,4.69490697,-1,-1
21.14952398,-25.51613061,4.70054595,4.70020298,-1,-1
20.50038782,-24.75545838,4.706062,4.70563552,-1,-1
19.8504945,-23.99543293,4.71332781,4.71278697,-1,-1
19.20041586,-23.23556604,4.72127677,4.72077944,-1,-1
18.55275592,-22.47363637,4.72667026,4.72646862,-1,-1
17.91013394,-21.70745309,4.72654646,4.7267344,-1,-1
17.27177185,-20.93771689,4.72171692,4.72213762,-1,-1
16.63487884,-20.16676465,4.71512681,4.71555902,-1,-1
15.997109,-19.39653767,4.70956647,4.70989251,-1,-1
15.35857037,-18.62694789,4.70544264,4.70568766,-1,-1
14.72016105,-17.85725085,4.70208339,4.70231757,-1,-1
14.08184965,-17.0874726,4.69815436,4.69845915,-1,-1
13.44264171,-16.31843864,4.69266532,4.69309377,-1,-1
12.80157148,-15.55095644,4.68503416,4.68559351,-1,-1
12.15871423,-14.78497043,4.67569597,4.67634426,-1,-1
11.51455748,-14.02007692,4.66528483,4.66598144,-1,-1
10.86956864,-13.25588494,4.65437681,4.65509255,-1,-1
10.22422452,-12.49199295,4.64323665,4.64396598,-1,-1
9.57919638,-11.72783412,4.63185107,4.6326027,-1,-1
8.93504053,-10.96293986,4.62002796,4.62082106,-1,-1
8.29148168,-10.19754323,4.60746304,4.60830821,-1,-1
7.6477687,-9.43227621,4.59414844,4.5950354,-1,-1
7.00350573,-8.66747218,4.58046908,4.58134927,-1,-1
6.35960124,-7.9023663,4.56758237,4.56837746,-1,-1
5.71728964,-7.13592267,4.55667669,4.55731993,-1,-1
5.07726617,-6.36756733,4.54848849,4.54896383,-1,-1
4.43884983,-5.5978761,4.54274664,4.54307642,-1,-1
3.80113307,-4.82760516,4.53905635,4.53927127,-1,-1
3.16369325,-4.05710501,4.53666568,4.5368262,-1,-1
2.52660177,-3.28631681,4.53452858,4.53471053,-1,-1
1.88982302,-2.51527024,4.53176926,4.5319892,-1,-1
1.25271551,-1.74449528,4.52899328,4.52917039,-1,-1
0.61461011,-0.97454626,4.52756683,4.52760935,-1,-1
-0.02478724,-0.20566979,4.5282975,4.52820648,-1,-1
-0.66555381,0.56206597,4.53019091,4.53006251,-1,-1
-1.30799648,1.32839973,4.53175021,4.53167739,-1,-1
-1.95238432,2.09309856,4.53192142,4.53193669,-1,-1
-2.59830357,2.8565043,4.53084864,4.53092868,-1,-1
-3.24511672,3.61915281,4.52890753,4.52903121,-1,-1
-3.89233826,4.38145477,4.52642783,4.5265784,-1,-1
-4.53973615,5.14360697,4.52362632,4.52379173,-1,-1
-5.18711201,5.90577788,4.52070709,4.520874,-1,-1
-5.8343991,6.66802418,4.51789544,4.51804828,-1,-1
-6.48165591,7.43029619,4.51544288,4.51556269,-1,-1
-7.12891538,8.19256594,4.51360748,4.51368542,-1,-1
-7.77567979,8.95525578,4.51234279,4.5123966,-1,-1
-8.42106686,9.7191115,4.51130664,4.5113701,-1,-1
-9.06434673,10.4847426,4.51003689,4.51013456,-1,-1
-9.70591583,11.25180785,4.5084284,4.50854487,-1,-1
-10.34674567,12.01949081,4.50681546,4.50692285,-1,-1
-10.98791243,12.78689239,4.50524948,4.50536561,-1,-1
-11.63016674,13.553384,4.50297171,4.5031565,-1,-1
-12.27410323,14.31846295,4.49898229,4.49930309,-1,-1
-12.9205646,15.08140966,4.49212223,4.49264947,-1,-1
-13.57063752,15.84128156,4.48128407,4.48208248,-1,-1
-14.22501659,16.59744815,4.46592116,4.46696522,-1,-1
-14.88244025,17.35096932,4.44751423,4.44868196,-1,-1
-15.5410639,18.10344184,4.42799483,4.4291678,-1,-1
-16.19925753,18.85629053,4.40901531,4.41012374,-1,-1
-16.85636027,19.61009155,4.39120874,4.39223069,-1,-1
-17.51199073,20.36517348,4.37497932,4.37589266,-1,-1
-18.16633138,21.12137338,4.36000735,4.36090097,-1,-1
-18.82205707,21.87637255,4.34333243,4.34441145,-1,-1
-19.48251918,22.62723214,4.32140992,4.32287107,-1,-1
-20.1501945,23.3716845,4.29176807,4.29363109,-1,-1
-20.82400572,24.1105881,4.25569523,4.25780209,-1,-1
-21.50195038,24.84570102,4.21525929,4.21746165,-1,-1
-22.18222231,25.57866086,4.17230352,4.17449885,-1,-1
-22.86374713,26.31045585,4.12803144,4.13014953,-1,-1
-23.54567775,27.04187272,4.08356878,4.08554725,-1,-1
-24.22739398,27.7734894,4.03977256,4.04158518,-1,-1
-24.9091364,28.50508169,3.99670756,3.99834859,-1,-1
-25.59138577,29.23620125,3.95433761,3.95579169,-1,-1
-26.27453473,29.9664803,3.9126928,3.9139502,-1,-1
-26.95845883,30.69603347,3.87173939,3.87281604,-1,-1
-27.64278812,31.42520658,3.83126999,3.83219257,-1,-1
-28.32716698,32.15433316,3.79099621,3.79180279,-1,-1
-29.01122969,32.88375637,3.75033976,3.75108549,-1,-1
-29.69458399,33.61384328,3.70864324,3.70937864,-1,-1
-30.37692165,34.34488042,3.6655674,3.66628843,-1,-1
-31.05819276,35.07691163,3.62167062,3.62232488,-1,-1
-31.73839632,35.80993489,3.57766609,3.57821346,-1,-1
-32.41786167,36.54364249,3.5337711,3.53419777,-1,-1
-33.09781035,37.27690219,3.48901689,3.48931259,-1,-1
-33.77961056,38.00844063,3.44228582,3.44241133,-1,-1
-34.46300848,38.7384867,3.39406918,3.39396812,-1,-1
-35.14394547,39.4708287,3.34860562,3.34829452,-1,-1
-35.81777509,40.20971547,3.31064344,3.31020039,-1,-1
-36.48253345,40.95677388,3.2822415,3.28172009,-1,-1
-37.14231602,41.70823044,3.25939544,3.2587956,-1,-1
-37.80207958,42.4597037,3.23736528,3.23665305,-1,-1
-38.46487055,43.20850816,3.21381473,3.2129153,-1,-1
-39.13016661,43.9550878,3.1905107,3.18933257,-1,-1
-39.79703717,44.70026137,3.16951966,3.16804121,-1,-1
-40.46466753,45.44475428,3.15091983,3.14925801,-1,-1
-41.1329403,46.18867061,3.13247515,3.130806,-1,-1
-41.80186272,46.93200283,3.11198367,3.11037161,-1,-1
-42.4709698,47.67516885,3.09049675,3.08882693,-1,-1
-43.13867013,48.41959901,3.07231017,3.07039482,-1,-1
-43.80313236,49.16692086,3.06149008,3.05937998,-1,-1
-44.46187261,49.9192913,3.05665707,3.05479689,-1,-1
-45.11263038,50.67857669,3.05207667,3.0510724,-1,-1
-45.75363958,51.4461099,3.04247717,3.04249034,-1,-1
-46.38809205,52.21907178,3.0288292,3.02923678,-1,-1
-47.02206721,52.99242518,3.01588978,3.01597487,-1,-1
-47.65963083,53.7628229,3.0064225,3.00597563,-1,-1
-48.30086439,54.53016866,3.0000715,2.99918723,-1,-1
-48.94515482,55.29494957,2.99642729,2.99518544,-1,-1
-49.59158277,56.05792461,2.99478932,2.99332245,-1,-1
-50.23894772,56.82010478,2.99438888,2.99283917,-1,-1
-50.88600989,57.58254202,2.99454605,2.99303664,-1,-1
-51.53188183,58.34598779,2.99468345,2.99330028,-1,-1
-52.17679552,59.1102432,2.99332449,2.99214932,-1,-1
-52.82155102,59.87463207,2.98859707,2.98764217,-1,-1
-53.46718663,60.63827771,2.98019727,2.97936431,-1,-1
-54.11123603,61.40326161,2.97247297,2.97166046,-1,-1
-54.74953339,62.17305149,2.97131287,2.97048823,-1,-1
-55.3781519,62.95076531,2.98089331,2.98008269,-1,-1
-55.99800548,63.7354828,2.99975632,2.99897951,-1,-1
-56.61177811,64.52496564,3.02473974,3.02401193,-1,-1
-57.22201057,65.31718805,3.05299626,3.05232238,-1,-1
-57.83018556,66.11099103,3.08279447,3.08218014,-1,-1
-58.43761598,66.90536392,3.11284816,3.11224645,-1,-1
-59.04587471,67.69910274,3.14266139,3.14197191,-1,-1
-59.65555852,68.49174746,3.17296455,3.17210356,-1,-1
-60.2666466,69.28331007,3.20443935,3.2034245,-1,-1
-60.87826356,70.07446409,3.23674566,3.23570417,-1,-1
-61.48970686,70.86575234,3.26912476,3.26810784,-1,-1
-62.1014343,71.65682095,3.30185241,3.30070236,-1,-1
-62.71512199,72.44636981,3.33648559,3.33492823,-1,-1
-63.33203088,73.23340439,3.37432641,3.37230535,-1,-1
-63.95134727,74.01854591,3.4146046,3.41232165,-1,-1
-64.57159047,74.80295548,3.45584972,3.45352925,-1,-1
-65.19148056,75.58764413,3.49675107,3.4945543,-1,-1
-65.81025744,76.37321091,3.53652109,3.5345607,-1,-1
-66.42725902,77.16017282,3.57447741,3.57284826,-1,-1
-67.04224069,77.94871423,3.61037428,3.60905896,-1,-1
-67.65568329,78.73845354,3.64470421,3.64359906,-1,-1
-68.26794467,79.52910896,3.67783372,3.67696193,-1,-1
-68.87821402,80.32130295,3.70895387,3.70852166,-1,-1
-69.48523263,81.11599055,3.73681284,3.73699644,-1,-1
-70.08876198,81.91333136,3.76118135,3.76185955,-1,-1
-70.69044822,82.71206389,3.78367792,3.78451411,-1,-1
-71.29208824,83.51083124,3.80605398,3.80680181,-1,-1
-71.89456261,84.30896947,3.82920743,3.82980988,-1,-1
-72.49770107,85.10660598,3.85313539,3.85363865,-1,-1
-73.10134399,85.90386079,3.87786434,3.87823849,-1,-1
-73.70606677,86.70029683,3.90389038,3.90399566,-1,-1
-74.31311876,87.49495891,3.93183533,3.93147458,-1,-1
-74.92351754,88.2870532,3.96204142,3.96119969,-1,-1
-75.53619953,89.07738276,3.99382005,3.99275978,-1,-1
-76.14847854,89.86802449,4.02686419,4.02592918,-1,-1
-76.7579682,90.66081851,4.06131585,4.06062817,-1,-1
-77.36590859,91.45480127,4.09674092,4.09603442,-1,-1
-77.97760166,92.24589631,4.12940877,4.12827191,-1,-1
-78.59800689,93.03017762,4.1546986,4.15299784,-1,-1
-79.22770709,93.80701611,4.1691972,4.16725848,-1,-1
-79.86273399,94.57950605,4.17377777,4.17201119,-1,-1
-80.49978356,95.35032889,4.17063682,4.16911065,-1,-1
-81.13795269,96.12022509,4.16326195,4.16177019,-1,-1
-81.77730506,96.88913896,4.15450598,4.15288839,-1,-1
-82.41731455,97.65750596,4.14644589,4.14473159,-1,-1
-83.0570006,98.42614227,4.13929253,4.13760258,-1,-1
-83.69608366,99.19527999,4.13234404,4.13072798,-1,-1
-84.33474489,99.96476802,4.12529018,4.12368608,-1,-1
-84.97381531,100.7339163,4.11840695,4.11667257,-1,-1
-85.61418196,101.5019856,4.11194413,4.10998102,-1,-1
-86.25636507,102.2685369,4.10572095,4.10351692,-1,-1
-86.90078221,103.0332111,4.09870937,4.09628135,-1,-1
-87.54814443,103.7953935,4.08954778,4.08687512,-1,-1
-88.19912198,104.5544905,4.07709793,4.07418581,-1,-1
-88.85296757,105.3111185,4.06186445,4.05879559,-1,-1
-89.50797051,106.0667448,4.04543606,4.04231782,-1,-1
-90.16265278,106.822649,4.02935229,4.02624155,-1,-1
-90.81660056,107.5791887,4.01409523,4.010998,-1,-1
-91.46984485,108.3363359,3.99964982,3.99656404,-1,-1
-92.12224476,109.0942108,3.98615078,3.98310638,-1,-1
-92.77295769,109.8535347,3.97446772,3.97153058,-1,-1
-93.42092908,110.6151993,3.96566417,3.96290609,-1,-1
-94.06565719,111.3796113,3.9601508,3.95756914,-1,-1
-94.70835598,112.1457303,3.95652762,3.95403459,-1,-1
-95.35067256,112.9121697,3.95321513,3.95069119,-1,-1
-95.99392893,113.6778206,3.94946278,3.94680511,-1,-1
-96.63831977,114.4425169,3.9456621,3.94287702,-1,-1
-97.28318142,115.2068162,3.94157604,3.93884711,-1,-1
-97.92684757,115.9721226,3.93635133,3.93398806,-1,-1
-98.56747716,116.7399727,3.92954762,3.92769945,-1,-1
-99.20459938,117.5107354,3.92226589,3.92081193,-1,-1
-99.83819746,118.2843979,3.91721092,3.91596493,-1,-1
-100.4672134,119.0617902,3.91710899,3.91625108,-1,-1
-101.0883613,119.8454835,3.92196426,3.92196549,-1,-1
-101.700542,120.6362015,3.92800496,3.92912587,-1,-1
-102.3058931,121.4321601,3.93043543,3.93248633,-1,-1
-102.9083371,122.2303213,3.92687256,3.92956382,-1,-1
-103.5085602,123.0301536,3.91875125,3.9219255,-1,-1
-104.1063459,123.8318107,3.91076587,3.91401427,-1,-1
-104.7018601,124.6351517,3.90869526,3.91177255,-1,-1
-105.2913171,125.442964,3.91959572,3.92268744,-1,-1
-105.8699113,126.2588382,3.94934163,3.9406857,-1,-1
-106.4105712,127.0998303,3.98791857,3.97540092,-1,-1
-106.913286,127.9643859,3.98501697,3.98750687,-1,-1
-107.3981793,128.8389606,3.99173702,3.98707264,-1,-1
-107.8850591,129.7124112,3.99893306,3.99020638,-1,-1
-108.3791046,130.5818666,3.99516655,3.98617541,-1,-1
-108.8520504,131.4628413,3.98483039,4.01833279,-1,-1
-109.3041859,132.3553963,4.01026182,4.04302088,-1,-1
-109.7209328,133.2649093,4.04195729,4.05176804,-1,-1
-110.078308,134.1984969,4.04151692,4.05490962,-1,-1
-110.4224807,135.1374777,4.01131503,4.02934442,-1,-1
-110.7900722,136.0674106,3.99740562,4.00453761,-1,-1
-111.1426626,137.0035482,4.00780798,4.00978038,-1,-1
-111.4414206,137.95787,4.03181652,3.99932688,-1,-1
-111.672127,138.9308459,3.98573539,3.97455089,-1,-1
-111.8736598,139.9105315,3.96887891,3.97116041,-1,-1
-112.0574007,140.8935122,3.97658022,3.99789029,-1,-1
-112.2350455,141.8776063,4.00795046,4.03272199,-1,-1
-112.4152311,142.8612774,4.04711169,4.05253811,-1,-1
-112.5782924,143.847835,4.06812313,4.06746517,-1,-1
-112.7264646,144.8368245,4.07346422,4.0758113,-1,-1
-112.8680567,145.8267389,4.07225886,4.07543323,-1,-1
-113.0008276,146.8178884,4.06679114,4.07105478,-1,-1
-113.1292845,147.8096046,4.05829195,4.0628878,-1,-1
-113.2594322,148.8010941,4.04616735,4.05061956,-1,-1
-113.394723,149.7919196,4.0337495,4.03732464,-1,-1
-113.525247,150.7832795,4.0252946,4.03137911,-1,-1
-113.6412964,151.776626,4.02428993,4.03215921,-1,-1
-113.7279976,152.7728091,4.03843848,4.03850027,-1,-1
-113.7413188,153.7724636,4.0224293,4.01280205,-1,-1
-113.7044264,154.772768,3.96423866,3.98404285,-1,-1
-113.6482999,155.7711555,3.91673975,3.93513733,-1,-1
-113.5758764,156.7685408,3.88983573,3.89887976,-1,-1
-113.4980821,157.7655072,3.87886231,3.88278091,-1,-1
-113.4088477,158.7615188,3.86998125,3.87689579,-1,-1
-113.2955023,159.7550722,3.85527269,3.86838109,-1,-1
-113.1526739,160.7448226,3.8409772,3.85526238,-1,-1
-112.9895177,161.7314183,3.84196362,3.8487805,-1,-1
-112.8160081,162.7162662,3.86476031,3.86365939,-1,-1
-112.6280317,163.6986784,3.90316349,3.89151384,-1,-1
-112.3937368,164.6705893,3.89520751,3.88244096,-1,-1
-112.1229984,165.6333619,3.88761466,3.88487539,-1,-1
-111.8502032,166.5953953,3.89696683,3.90414728,-1,-1
-111.582386,167.5588852,3.91833151,3.92546086,-1,-1
-111.2973087,168.5174133,3.92811464,3.92845014,-1,-1
-110.9756105,169.4643424,3.9233153,3.92425317,-1,-1
-110.6217668,170.3996483,3.92118721,3.92406546,-1,-1
-110.2586055,171.3313762,3.94330755,3.9448066,-1,-1
-109.8901285,172.2610057,3.98021284,3.98407185,-1,-1
-109.4862229,173.1759229,3.99561814,4.0158888,-1,-1
-109.0469598,174.0746017,3.98554523,3.99766111,-1,-1
-108.5850342,174.9615123,3.96115051,3.96359438,-1,-1
-108.1240774,175.8489369,3.95289824,3.94805772,-1,-1
-107.66006,176.7347,3.95273957,3.93906603,-1,-1
-107.1804518,177.6122515,3.9485076,3.95817523,-1,-1
-106.6925616,178.4850616,3.95942618,3.98372731,-1,-1
-106.191901,179.3509996,3.98394648,3.99956164,-1,-1
-105.6661613,180.2014963,4.00002292,3.99987868,-1,-1
-105.0971245,181.0237467,3.99298487,3.99877156,-1,-1
-104.5099884,181.8334792,3.97970528,3.99031226,-1,-1
-103.9139788,182.6363858,3.9708538,3.98125483,-1,-1
-103.3020625,183.4273478,3.96716326,3.97771334,-1,-1
-102.6708564,184.2029015,3.96308442,3.97950472,-1,-1
-102.0280916,184.9690153,3.94956056,3.97403605,-1,-1
-101.3895304,185.7385793,3.92837868,3.96257834,-1,-1
-100.7556094,186.5119918,3.91670138,3.94004543,-1,-1
-100.1031157,187.2697569,3.93399208,3.9057638,-1,-1
-99.40207077,187.9830767,3.89283245,3.88209713,-1,-1
-98.65975806,188.6534819,3.87051496,3.87337718,-1,-1
-97.88930872,189.2908727,3.87394937,3.87859066,-1,-1
-97.10976013,189.9172684,3.87944843,3.88468249,-1,-1
-96.33638646,190.5511883,3.87378878,3.87809269,-1,-1
-95.56533692,191.1879912,3.86376805,3.86849759,-1,-1
-94.78449438,191.8126906,3.86721008,3.87364302,-1,-1
-93.99111592,192.421425,3.88907438,3.89673216,-1,-1
-93.19407557,193.0253599,3.91858346,3.92578258,-1,-1
-92.40025772,193.633487,3.94208243,3.94986312,-1,-1
-91.61034751,194.246835,3.96336929,3.96562804,-1,-1
-90.81289257,194.8501387,3.99531925,3.98516267,-1,-1
-89.99240633,195.4218178,4.02467402,4.02156835,-1,-1
-89.15271879,195.9648849,4.02615452,4.0260158,-1,-1
-88.30344577,196.4928381,4.03349702,4.02621195,-1,-1
-87.45445391,197.0212418,4.03754509,4.0250745,-1,-1
-86.6055176,197.5497339,4.03239644,4.02571161,-1,-1
-85.74872155,198.0653916,4.02877008,4.046536,-1,-1
-84.88543185,198.5700984,4.0466176,4.08407887,-1,-1
-84.02104733,199.0729366,4.08572208,4.12264948,-1,-1
-83.15980448,199.5812674,4.12957993,4.13730794,-1,-1
