x,y,wl,wr,slope,friction_coefficient
113.26473180,83.70950355,4.41338038,4.39319424,-1.00000000,-1.00000000
114.01684140,83.05047487,4.41630097,4.40346771,-1.00000000,-1.00000000
114.76826700,82.39065651,4.43022319,4.41692083,-1.00000000,-1.00000000
115.52309470,81.73473280,4.44494612,4.42901448,-1.00000000,-1.00000000
116.27979290,81.08096847,4.45748905,4.44078942,-1.00000000,-1.00000000
117.03683870,80.42760671,4.46942263,4.45284814,-1.00000000,-1.00000000
117.79381610,79.77416562,4.48141121,4.46465177,-1.00000000,-1.00000000
118.55106950,79.12104450,4.49269801,4.47508915,-1.00000000,-1.00000000
119.30860300,78.46824822,4.50205498,4.48355502,-1.00000000,-1.00000000
120.06613380,77.81544880,4.50933912,4.49021757,-1.00000000,-1.00000000
120.82362020,77.16259783,4.51511440,4.49560260,-1.00000000,-1.00000000
121.58101750,76.50964352,4.51991042,4.50025772,-1.00000000,-1.00000000
122.33823810,75.85648424,4.52421630,4.50467395,-1.00000000,-1.00000000
123.09509830,75.20290745,4.52840291,4.50930949,-1.00000000,-1.00000000
123.85131110,74.54858164,4.53294698,4.51473712,-1.00000000,-1.00000000
124.60650120,73.89307599,4.53836881,4.52152501,-1.00000000,-1.00000000
125.36102740,73.23680584,4.54575084,4.52920710,-1.00000000,-1.00000000
126.11695700,72.58215274,4.55410903,4.53522998,-1.00000000,-1.00000000
126.87638880,71.93156684,4.56032279,4.53694261,-1.00000000,-1.00000000
127.63949020,71.28528729,4.55903622,4.53399648,-1.00000000,-1.00000000
128.40401170,70.64068925,4.55435473,4.52904283,-1.00000000,-1.00000000
129.16800010,69.99545932,4.55143245,4.52443377,-1.00000000,-1.00000000
129.93094830,69.34899966,4.54704653,4.52079332,-1.00000000,-1.00000000
130.69352020,68.70209624,4.54347644,4.51725866,-1.00000000,-1.00000000
131.45606990,68.05516654,4.53964689,4.51313420,-1.00000000,-1.00000000
132.21831270,67.40787540,4.53476882,4.50820234,-1.00000000,-1.00000000
132.97990340,66.75981702,4.52908188,4.50279975,-1.00000000,-1.00000000
133.74146250,66.11172144,4.52416845,4.49812805,-1.00000000,-1.00000000
134.50445010,65.46530862,4.52192862,4.49580163,-1.00000000,-1.00000000
135.26980830,64.82170393,4.52307522,4.49668780,-1.00000000,-1.00000000
136.03679600,64.18004209,4.52621628,4.49970211,-1.00000000,-1.00000000
136.80397350,63.53860725,4.52950188,4.50310833,-1.00000000,-1.00000000
137.57048300,62.89637428,4.53208097,4.50589068,-1.00000000,-1.00000000
138.33665010,62.25373290,4.53448565,4.50832195,-1.00000000,-1.00000000
139.10306870,61.61139146,4.53710826,4.51069545,-1.00000000,-1.00000000
139.87000460,60.96966769,4.53950273,4.51289744,-1.00000000,-1.00000000
140.63721530,60.32827260,4.54035241,4.51438180,-1.00000000,-1.00000000
141.40435390,59.68679123,4.54012834,4.51469482,-1.00000000,-1.00000000
142.17093580,59.04464453,4.53922359,4.51347117,-1.00000000,-1.00000000
142.93593610,58.40061469,4.53797884,4.51089135,-1.00000000,-1.00000000
143.69812650,57.75326211,4.53299118,4.50785003,-1.00000000,-1.00000000
144.45739500,57.10248438,4.52864983,4.50559709,-1.00000000,-1.00000000
145.21513690,56.44992995,4.52641836,4.50444825,-1.00000000,-1.00000000
145.97292210,55.79742590,4.52603641,4.50396484,-1.00000000,-1.00000000
146.73140450,55.14573237,4.52596115,4.50334161,-1.00000000,-1.00000000
147.49023950,54.49444952,4.52528120,4.50243556,-1.00000000,-1.00000000
148.24892530,53.84299278,4.52415066,4.50150134,-1.00000000,-1.00000000
149.00718120,53.19103570,4.52308135,4.50091883,-1.00000000,-1.00000000
149.76487580,52.53842645,4.52248294,4.50099163,-1.00000000,-1.00000000
150.52188310,51.88501999,4.52259170,4.50196356,-1.00000000,-1.00000000
151.27815750,51.23076548,4.52370983,4.50388331,-1.00000000,-1.00000000
152.03395210,50.57595672,4.52578893,4.50641852,-1.00000000,-1.00000000
152.78958570,49.92096212,4.52843372,4.50914831,-1.00000000,-1.00000000
153.54530730,49.26606915,4.53117417,4.51171654,-1.00000000,-1.00000000
154.30126510,48.61144871,4.53370337,4.51389679,-1.00000000,-1.00000000
155.05763020,47.95729901,4.53585846,4.51553971,-1.00000000,-1.00000000
155.81453160,47.30376990,4.53753475,4.51672031,-1.00000000,-1.00000000
156.57191290,46.65079705,4.53884350,4.51768959,-1.00000000,-1.00000000
157.32952990,45.99809770,4.53979590,4.51846561,-1.00000000,-1.00000000
158.08693470,45.34515214,4.54007682,4.51868474,-1.00000000,-1.00000000
158.84387440,44.69166737,4.53949990,4.51805607,-1.00000000,-1.00000000
159.60088090,44.03825997,4.53885657,4.51729122,-1.00000000,-1.00000000
160.35920500,43.38638234,4.53994020,4.51823371,-1.00000000,-1.00000000
161.11968880,42.73702559,4.54414458,4.52246887,-1.00000000,-1.00000000
161.88183690,42.08962263,4.55119999,4.52980546,-1.00000000,-1.00000000
162.64428760,41.44257641,4.55945924,4.53844480,-1.00000000,-1.00000000
163.40610410,40.79478359,4.56751416,4.54679120,-1.00000000,-1.00000000
164.16730470,40.14626708,4.57511900,4.55458271,-1.00000000,-1.00000000
164.92847330,39.49771299,4.58301511,4.56265732,-1.00000000,-1.00000000
165.68986670,38.84942291,4.59167804,4.57162187,-1.00000000,-1.00000000
166.45109230,38.20093572,4.60071404,4.58079934,-1.00000000,-1.00000000
167.21166760,37.55168600,4.60860780,4.58831158,-1.00000000,-1.00000000
167.97141190,36.90146405,4.61373455,4.59246441,-1.00000000,-1.00000000
168.73050600,36.25048304,4.61517221,4.59285739,-1.00000000,-1.00000000
169.48891110,35.59869972,4.61323375,4.59026239,-1.00000000,-1.00000000
170.24679810,34.94631337,4.60912254,4.58576014,-1.00000000,-1.00000000
171.00525740,34.29459445,4.60503285,4.58125320,-1.00000000,-1.00000000
171.76530140,33.64471847,4.60235067,4.57805082,-1.00000000,-1.00000000
172.52955620,32.99980989,4.60493691,4.57982851,-1.00000000,-1.00000000
173.29504580,32.35636993,4.60773928,4.58484057,-1.00000000,-1.00000000
174.06360090,31.71661970,4.61764740,4.60850794,-1.00000000,-1.00000000
174.83879010,31.08487037,4.63701873,4.62872522,-1.00000000,-1.00000000
175.61396600,30.45313445,4.65688012,4.65040132,-1.00000000,-1.00000000
176.39085660,29.82346564,4.68046170,4.66290663,-1.00000000,-1.00000000
177.16299140,29.18804431,4.69467676,4.67091263,-1.00000000,-1.00000000
177.92602720,28.54167099,4.69986636,4.67909601,-1.00000000,-1.00000000
178.68528540,27.89088805,4.70245458,4.68244148,-1.00000000,-1.00000000
179.44209380,27.23724883,4.70371837,4.68424397,-1.00000000,-1.00000000
180.19972670,26.58456853,4.70601524,4.68515843,-1.00000000,-1.00000000
180.96045800,25.93550163,4.70856859,4.68467733,-1.00000000,-1.00000000
181.72506770,25.29100875,4.70462166,4.68209649,-1.00000000,-1.00000000
182.49293460,24.65039634,4.69900790,4.67870080,-1.00000000,-1.00000000
183.26485740,24.01468622,4.69662613,4.67797255,-1.00000000,-1.00000000
184.04016870,23.38310212,4.69661022,4.68067641,-1.00000000,-1.00000000
184.82083280,22.75816721,4.69819959,4.69263978,-1.00000000,-1.00000000
185.60839870,22.14192742,4.70395895,4.70148618,-1.00000000,-1.00000000
186.39892510,21.52950225,4.70919100,4.70768740,-1.00000000,-1.00000000
187.19020380,20.91804577,4.71186353,4.70961442,-1.00000000,-1.00000000
187.98118730,20.30620856,4.71318807,4.71046715,-1.00000000,-1.00000000
188.77134590,19.69330575,4.71628695,4.71299386,-1.00000000,-1.00000000
189.56028280,19.07883220,4.72237840,4.71952007,-1.00000000,-1.00000000
190.35076620,18.46634783,4.72672032,4.72752085,-1.00000000,-1.00000000
191.14740960,17.86189643,4.72406320,4.73129191,-1.00000000,-1.00000000
191.95273670,17.26907105,4.71277666,4.72576490,-1.00000000,-1.00000000
192.76376870,16.68406686,4.69746886,4.71228494,-1.00000000,-1.00000000
193.57579440,16.10044497,4.68209812,4.69599282,-1.00000000,-1.00000000
194.38614670,15.51450261,4.66902225,4.68179264,-1.00000000,-1.00000000
195.19531000,14.92691849,4.65790728,4.67091988,-1.00000000,-1.00000000
196.00459550,14.33950305,4.64880722,4.66340330,-1.00000000,-1.00000000
196.81559950,13.75446236,4.64139583,4.65949995,-1.00000000,-1.00000000
197.63041150,13.17473630,4.63510785,4.65849852,-1.00000000,-1.00000000
198.45060070,12.60264535,4.62881935,4.65725291,-1.00000000,-1.00000000
199.27533920,12.03713118,4.62115961,4.64941689,-1.00000000,-1.00000000
200.10215160,11.47465243,4.61119639,4.64053361,-1.00000000,-1.00000000
200.92943940,10.91287626,4.59894486,4.62997393,-1.00000000,-1.00000000
201.75759240,10.35236664,4.58469592,4.61623787,-1.00000000,-1.00000000
202.58847760,9.79594584,4.57012729,4.59967171,-1.00000000,-1.00000000
203.42124510,9.24225579,4.55309640,4.58222652,-1.00000000,-1.00000000
204.26518990,8.70587387,4.54897838,4.55917757,-1.00000000,-1.00000000
205.10456310,8.16230479,4.53689103,4.54755602,-1.00000000,-1.00000000
205.94880690,7.62633871,4.53306033,4.54116339,-1.00000000,-1.00000000
206.79269980,7.08982844,4.53225440,4.54160644,-1.00000000,-1.00000000
207.63404300,6.54932915,4.53439060,4.54621490,-1.00000000,-1.00000000
208.47321420,6.00545912,4.53782612,4.55019159,-1.00000000,-1.00000000
209.31454620,5.46494200,4.54176946,4.55102028,-1.00000000,-1.00000000
210.16149700,4.93327233,4.54469644,4.54903912,-1.00000000,-1.00000000
211.01404270,4.41061803,4.54675848,4.54726896,-1.00000000,-1.00000000
211.86984060,3.89330782,4.54838564,4.54699132,-1.00000000,-1.00000000
212.72720200,3.37859298,4.55039449,4.54794365,-1.00000000,-1.00000000
213.58587090,2.86606224,4.55246654,4.54885637,-1.00000000,-1.00000000
214.44610370,2.35616079,4.55389508,4.54893295,-1.00000000,-1.00000000
215.30803190,1.84913047,4.55429805,4.54789140,-1.00000000,-1.00000000
216.17179570,1.34523351,4.55505929,4.54705370,-1.00000000,-1.00000000
217.03762380,0.84489203,4.55803974,4.54823946,-1.00000000,-1.00000000
217.90547510,0.34806787,4.56362575,4.55229381,-1.00000000,-1.00000000
218.77473590,-0.14628593,4.56922167,4.55693631,-1.00000000,-1.00000000
219.64480340,-0.63921830,4.57211192,4.55925224,-1.00000000,-1.00000000
220.51577060,-1.13056038,4.57180958,4.55788001,-1.00000000,-1.00000000
221.38884760,-1.61814075,4.57095831,4.55464803,-1.00000000,-1.00000000
222.26452580,-2.10103703,4.57098725,4.55294652,-1.00000000,-1.00000000
223.14126620,-2.58200055,4.57172290,4.55555913,-1.00000000,-1.00000000
224.01771710,-3.06349212,4.57444760,4.56168352,-1.00000000,-1.00000000
224.89343590,-3.54631305,4.58040942,4.56847137,-1.00000000,-1.00000000
225.76959480,-4.02833641,4.58794998,4.57315885,-1.00000000,-1.00000000
226.64797400,-4.50629976,4.59433550,4.57349837,-1.00000000,-1.00000000
227.52887480,-4.97960098,4.59581284,4.56961770,-1.00000000,-1.00000000
228.41170700,-5.44928937,4.59087197,4.56305020,-1.00000000,-1.00000000
229.29586670,-5.91647434,4.58195647,4.55533888,-1.00000000,-1.00000000
230.18084260,-6.38211114,4.57400283,4.54766461,-1.00000000,-1.00000000
231.06600710,-6.84738959,4.56778676,4.54102169,-1.00000000,-1.00000000
231.95111350,-7.31277700,4.56282026,4.53578697,-1.00000000,-1.00000000
232.83630700,-7.77800451,4.55575691,4.53074554,-1.00000000,-1.00000000
233.72305830,-8.24024262,4.54772493,4.52120630,-1.00000000,-1.00000000
234.60463860,-8.71243650,4.52631430,4.50574988,-1.00000000,-1.00000000
235.49275920,-9.17184096,4.51144149,4.49567097,-1.00000000,-1.00000000
236.38254060,-9.62817148,4.50530287,4.48141848,-1.00000000,-1.00000000
237.27291130,-10.08340820,4.49782940,4.48229464,-1.00000000,-1.00000000
238.17058630,-10.52407598,4.49885940,4.49014377,-1.00000000,-1.00000000
239.07358300,-10.95371734,4.50046415,4.49798147,-1.00000000,-1.00000000
239.97977750,-11.37658110,4.49724490,4.49889155,-1.00000000,-1.00000000
240.88768130,-11.79576031,4.48559645,4.49152802,-1.00000000,-1.00000000
241.79804060,-12.20957819,4.46758686,4.47831565,-1.00000000,-1.00000000
242.71114620,-12.61730094,4.44909030,4.46288464,-1.00000000,-1.00000000
243.62599890,-13.02108898,4.43450123,4.44859782,-1.00000000,-1.00000000
244.54096670,-13.42461577,4.42497378,4.43753021,-1.00000000,-1.00000000
245.45527700,-13.82963040,4.41930703,4.42994320,-1.00000000,-1.00000000
246.36850020,-14.23709008,4.41630262,4.42482889,-1.00000000,-1.00000000
247.28050030,-14.64727915,4.41284871,4.42036716,-1.00000000,-1.00000000
248.19201190,-15.05855628,4.40452197,4.41407712,-1.00000000,-1.00000000
249.10544850,-15.46553133,4.39220762,4.40623747,-1.00000000,-1.00000000
250.02208860,-15.86525661,4.38159661,4.40045060,-1.00000000,-1.00000000
250.94266200,-16.25582113,4.38095709,4.39993439,-1.00000000,-1.00000000
251.86295260,-16.64705292,4.38296886,4.40999277,-1.00000000,-1.00000000
252.78676180,-17.02991296,4.38909061,4.41582161,-1.00000000,-1.00000000
253.71383990,-17.40477623,4.39294815,4.41734843,-1.00000000,-1.00000000
254.64382860,-17.77236698,4.39314688,4.41593194,-1.00000000,-1.00000000
255.57527430,-18.13624678,4.39150045,4.41355877,-1.00000000,-1.00000000
256.50691550,-18.49962626,4.38978182,4.41185515,-1.00000000,-1.00000000
257.43778760,-18.86497215,4.38917264,4.41185582,-1.00000000,-1.00000000
258.36710310,-19.23425759,4.39040457,4.41434933,-1.00000000,-1.00000000
259.29441670,-19.60854319,4.39386134,4.41910902,-1.00000000,-1.00000000
260.22102680,-19.98456840,4.39880370,4.42357248,-1.00000000,-1.00000000
261.14953650,-20.35587533,4.40445987,4.42598167,-1.00000000,-1.00000000
262.08202570,-20.71707073,4.41031379,4.42670886,-1.00000000,-1.00000000
263.01878680,-21.06704259,4.41603035,4.42768767,-1.00000000,-1.00000000
263.95891600,-21.40785991,4.42061117,4.42896439,-1.00000000,-1.00000000
264.90163920,-21.74143644,4.42314912,4.42938413,-1.00000000,-1.00000000
265.84626540,-22.06958462,4.42323120,4.42821522,-1.00000000,-1.00000000
266.79222140,-22.39387973,4.42080547,4.42528160,-1.00000000,-1.00000000
267.73903410,-22.71566497,4.41579162,4.42028220,-1.00000000,-1.00000000
268.68659230,-23.03524849,4.40833135,4.41272690,-1.00000000,-1.00000000
269.63502850,-23.35221594,4.39892694,4.40279716,-1.00000000,-1.00000000
270.58411030,-23.66724608,4.38863671,4.39206992,-1.00000000,-1.00000000
271.53270220,-23.98374904,4.37962623,4.38349430,-1.00000000,-1.00000000
272.47934960,-24.30601705,4.37355693,4.37927139,-1.00000000,-1.00000000
273.42383190,-24.63457523,4.37036711,4.37733429,-1.00000000,-1.00000000
274.36794040,-24.96423868,4.36752197,4.37476258,-1.00000000,-1.00000000
275.31527970,-25.28441238,4.36735061,4.36524058,-1.00000000,-1.00000000
276.26728600,-25.59052719,4.36739291,4.35804173,-1.00000000,-1.00000000
277.22395540,-25.88165458,4.36495229,4.34747152,-1.00000000,-1.00000000
278.18375770,-26.16235443,4.35854096,4.33963176,-1.00000000,-1.00000000
279.14323240,-26.44414467,4.35283051,4.33887136,-1.00000000,-1.00000000
280.10101490,-26.73163705,4.35473754,4.34657233,-1.00000000,-1.00000000
281.05770530,-27.02274522,4.36474417,4.35910495,-1.00000000,-1.00000000
282.01430200,-27.31416053,4.37826660,4.37217200,-1.00000000,-1.00000000
282.97172770,-27.60283964,4.39152256,4.38226930,-1.00000000,-1.00000000
283.93095880,-27.88546588,4.40164533,4.38667418,-1.00000000,-1.00000000
284.89282640,-28.15897592,4.40557695,4.38308211,-1.00000000,-1.00000000
285.85665460,-28.42550198,4.40044350,4.37368521,-1.00000000,-1.00000000
286.82093630,-28.69038180,4.39010355,4.36354475,-1.00000000,-1.00000000
287.78454330,-28.95770327,4.38042216,4.35682627,-1.00000000,-1.00000000
288.74743250,-29.22760076,4.37477464,4.35292971,-1.00000000,-1.00000000
289.70976210,-29.49948603,4.37025217,4.34885960,-1.00000000,-1.00000000
290.67126800,-29.77427339,4.36328443,4.34191508,-1.00000000,-1.00000000
291.63231000,-30.05066056,4.35491212,4.33402033,-1.00000000,-1.00000000
292.59400390,-30.32483556,4.35039874,4.32974837,-1.00000000,-1.00000000
293.55955310,-30.58500707,4.36038740,4.33909611,-1.00000000,-1.00000000
294.52497590,-30.84556936,4.36783179,4.35722690,-1.00000000,-1.00000000
295.49763460,-31.07806798,4.38680861,4.37662108,-1.00000000,-1.00000000
296.47172070,-31.30415619,4.39609485,4.38705486,-1.00000000,-1.00000000
297.44638300,-31.52786242,4.40188755,4.39146675,-1.00000000,-1.00000000
298.42080680,-31.75257464,4.40374083,4.39267342,-1.00000000,-1.00000000
299.39520020,-31.97742587,4.40465122,4.39374122,-1.00000000,-1.00000000
300.36957270,-32.20236633,4.40691205,4.39610500,-1.00000000,-1.00000000
301.34376410,-32.42808999,4.41128365,4.40010763,-1.00000000,-1.00000000
302.31760710,-32.65531164,4.41748413,4.40555821,-1.00000000,-1.00000000
303.29100150,-32.88444751,4.42506804,4.41235455,-1.00000000,-1.00000000
304.26416950,-33.11454377,4.43216136,4.41965333,-1.00000000,-1.00000000
305.23778010,-33.34275948,4.43602983,4.42492333,-1.00000000,-1.00000000
306.21246190,-33.56635479,4.43489046,4.42623531,-1.00000000,-1.00000000
307.18847050,-33.78408750,4.42972994,4.42372234,-1.00000000,-1.00000000
308.16564100,-33.99654413,4.42263296,4.41933746,-1.00000000,-1.00000000
309.14386430,-34.20409959,4.41571745,4.41570238,-1.00000000,-1.00000000
310.12315300,-34.40656835,4.41180474,4.41598645,-1.00000000,-1.00000000
311.10358190,-34.60344186,4.41431371,4.42360171,-1.00000000,-1.00000000
312.08523410,-34.79412133,4.42386765,4.43795819,-1.00000000,-1.00000000
313.06814590,-34.97819908,4.43599687,4.45358162,-1.00000000,-1.00000000
314.05223940,-35.15584934,4.44451689,4.46423046,-1.00000000,-1.00000000
315.03730400,-35.32803605,4.44672925,4.46763771,-1.00000000,-1.00000000
316.02301050,-35.49650680,4.44412160,4.46602266,-1.00000000,-1.00000000
317.00915240,-35.66241102,4.43906857,4.46178736,-1.00000000,-1.00000000
317.99557970,-35.82660957,4.43316399,4.45670664,-1.00000000,-1.00000000
318.98222460,-35.98949551,4.42748226,4.45179475,-1.00000000,-1.00000000
319.96902810,-36.15141787,4.42295492,4.44803003,-1.00000000,-1.00000000
320.95590560,-36.31288785,4.41940547,4.44410039,-1.00000000,-1.00000000
321.94258480,-36.47557013,4.41479468,4.43739687,-1.00000000,-1.00000000
322.92869880,-36.64162631,4.40692032,4.42627917,-1.00000000,-1.00000000
323.91419800,-36.81134825,4.39589920,4.41583456,-1.00000000,-1.00000000
324.90067270,-36.97517077,4.39057399,4.42117303,-1.00000000,-1.00000000
325.88819300,-37.13270289,4.39303626,4.42042058,-1.00000000,-1.00000000
326.87781030,-37.27610290,4.40656741,4.42095958,-1.00000000,-1.00000000
327.87063560,-37.39591239,4.43235996,4.44179078,-1.00000000,-1.00000000
328.86464070,-37.50516495,4.45715517,4.46269116,-1.00000000,-1.00000000
329.85883880,-37.61275389,4.47509434,4.48130328,-1.00000000,-1.00000000
330.85289800,-37.72158787,4.48713478,4.49353891,-1.00000000,-1.00000000
331.84699420,-37.83009259,4.49663889,4.50263961,-1.00000000,-1.00000000
332.84126760,-37.93695737,4.50590496,4.51109789,-1.00000000,-1.00000000
333.83568190,-38.04250565,4.51566362,4.52044816,-1.00000000,-1.00000000
334.83014560,-38.14758491,4.52627997,4.53102014,-1.00000000,-1.00000000
335.82452120,-38.25349829,4.53775542,4.54312238,-1.00000000,-1.00000000
336.81864820,-38.36171273,4.54939612,4.55589352,-1.00000000,-1.00000000
337.81256100,-38.47189817,4.55873238,4.56551192,-1.00000000,-1.00000000
338.80682410,-38.57880176,4.56479075,4.56908217,-1.00000000,-1.00000000
339.80213800,-38.67568955,4.56953025,4.56741494,-1.00000000,-1.00000000
340.79921360,-38.75193107,4.58241196,4.57388910,-1.00000000,-1.00000000
341.79611230,-38.83025960,4.58787537,4.58715254,-1.00000000,-1.00000000
342.79464430,-38.88530646,4.61138860,4.61051164,-1.00000000,-1.00000000
343.79310250,-38.94056337,4.63023659,4.62828694,-1.00000000,-1.00000000
344.79145460,-38.99800589,4.64697189,4.64470195,-1.00000000,-1.00000000
345.78961070,-39.05869449,4.66158242,4.65988239,-1.00000000,-1.00000000
346.78768760,-39.12068482,4.67656239,4.67613322,-1.00000000,-1.00000000
347.78579120,-39.18224103,4.69354979,4.69339890,-1.00000000,-1.00000000
348.78404340,-39.24133917,4.71213987,4.70974453,-1.00000000,-1.00000000
349.78252890,-39.29635165,4.72995411,4.72322400,-1.00000000,-1.00000000
350.78123290,-39.34724877,4.74425711,4.73308508,-1.00000000,-1.00000000
351.78005510,-39.39576948,4.75418076,4.73990894,-1.00000000,-1.00000000
352.77891620,-39.44348232,4.76060632,4.74446518,-1.00000000,-1.00000000
353.77780150,-39.49068505,4.76524427,4.74872151,-1.00000000,-1.00000000
354.77677480,-39.53599133,4.77078550,4.75533000,-1.00000000,-1.00000000
355.77589750,-39.57786214,4.77982898,4.76594933,-1.00000000,-1.00000000
356.77518430,-39.61562787,4.79278075,4.77907260,-1.00000000,-1.00000000
357.77457710,-39.65046925,4.80704716,4.79185488,-1.00000000,-1.00000000
358.77402040,-39.68383315,4.81980274,4.80244920,-1.00000000,-1.00000000
359.77347540,-39.71684346,4.83001028,4.81118564,-1.00000000,-1.00000000
360.77294470,-39.74942003,4.83867699,4.81908741,-1.00000000,-1.00000000
361.77243040,-39.78148618,4.84670266,4.82685203,-1.00000000,-1.00000000
362.77192890,-39.81315158,4.85455733,4.83469529,-1.00000000,-1.00000000
363.77142630,-39.84485223,4.86230273,4.84267178,-1.00000000,-1.00000000
364.77091770,-39.87674186,4.87021442,4.85072684,-1.00000000,-1.00000000
365.77041330,-39.90850157,4.87833119,4.85858566,-1.00000000,-1.00000000
366.76992700,-39.93968466,4.88640960,4.86598126,-1.00000000,-1.00000000
367.76947710,-39.96967606,4.89427136,4.87248460,-1.00000000,-1.00000000
368.76908670,-39.99761802,4.89899596,4.87740341,-1.00000000,-1.00000000
369.76876930,-40.02280584,4.89965491,4.88010244,-1.00000000,-1.00000000
370.76851220,-40.04548620,4.89905859,4.88071179,-1.00000000,-1.00000000
371.76828310,-40.06688909,4.89828909,4.88027397,-1.00000000,-1.00000000
372.76805740,-40.08813422,4.89820802,4.87979203,-1.00000000,-1.00000000
373.76781550,-40.11012989,4.89950957,4.88011978,-1.00000000,-1.00000000
374.76753900,-40.13364307,4.90293206,4.88204140,-1.00000000,-1.00000000
375.76721610,-40.15905395,4.90826243,4.88611101,-1.00000000,-1.00000000
376.76685700,-40.18584815,4.91492336,4.89200872,-1.00000000,-1.00000000
377.76647580,-40.21345782,4.92079309,4.89905035,-1.00000000,-1.00000000
378.76608060,-40.24156997,4.92774531,4.90660801,-1.00000000,-1.00000000
379.76567450,-40.27006568,4.93517855,4.91434681,-1.00000000,-1.00000000
380.76526410,-40.29871407,4.94287149,4.92208768,-1.00000000,-1.00000000
381.76485600,-40.32727941,4.95061403,4.92974027,-1.00000000,-1.00000000
382.76445180,-40.35570931,4.95827349,4.93732044,-1.00000000,-1.00000000
383.76405120,-40.38401234,4.96585300,4.94483219,-1.00000000,-1.00000000
384.76365140,-40.41228408,4.97330134,4.95231857,-1.00000000,-1.00000000
385.76324670,-40.44073311,4.98065059,4.95992909,-1.00000000,-1.00000000
386.76283130,-40.46955340,4.98808334,4.96782407,-1.00000000,-1.00000000
387.76241050,-40.49856166,4.99601813,4.97589226,-1.00000000,-1.00000000
388.76200720,-40.52696002,5.00440984,4.98350641,-1.00000000,-1.00000000
389.76164310,-40.55394098,5.01129150,4.99001331,-1.00000000,-1.00000000
390.76132420,-40.57919564,5.01535237,4.99512863,-1.00000000,-1.00000000
391.76103670,-40.60316969,5.01872164,4.99920063,-1.00000000,-1.00000000
392.76076840,-40.62633409,5.02174091,5.00260781,-1.00000000,-1.00000000
393.76051000,-40.64906538,5.02458535,5.00565877,-1.00000000,-1.00000000
394.76025610,-40.67159921,5.02743171,5.00854333,-1.00000000,-1.00000000
395.76000160,-40.69415688,5.03040550,5.01144065,-1.00000000,-1.00000000
396.75974460,-40.71682675,5.03342312,5.01442965,-1.00000000,-1.00000000
397.75948710,-40.73952047,5.03639591,5.01744122,-1.00000000,-1.00000000
398.75923090,-40.76215629,5.03929762,5.02040822,-1.00000000,-1.00000000
399.75897570,-40.78474564,5.04224440,5.02333408,-1.00000000,-1.00000000
400.75871840,-40.80742875,5.04536458,5.02632946,-1.00000000,-1.00000000
401.75845640,-40.83031767,5.04863626,5.02948896,-1.00000000,-1.00000000
402.75819300,-40.85326857,5.05167026,5.03271231,-1.00000000,-1.00000000
403.75793880,-40.87581739,5.05406344,5.03563158,-1.00000000,-1.00000000
404.75770250,-40.89755290,5.05567660,5.03790951,-1.00000000,-1.00000000
405.75748360,-40.91847857,5.05693874,5.03952614,-1.00000000,-1.00000000
406.75727130,-40.93908317,5.05827838,5.04086853,-1.00000000,-1.00000000
407.75705690,-40.95978593,5.05984930,5.04228056,-1.00000000,-1.00000000
408.75683840,-40.98069155,5.06149278,5.04385894,-1.00000000,-1.00000000
409.75661890,-41.00164424,5.06307741,5.04548024,-1.00000000,-1.00000000
410.75640050,-41.02253946,5.06460521,5.04705648,-1.00000000,-1.00000000
411.75618300,-41.04339676,5.06616044,5.04859952,-1.00000000,-1.00000000
412.75596430,-41.06431095,5.06781529,5.05018480,-1.00000000,-1.00000000
413.75574380,-41.08530701,5.06945891,5.05183912,-1.00000000,-1.00000000
414.75552480,-41.10623530,5.07090975,5.05344659,-1.00000000,-1.00000000
415.75531150,-41.12688702,5.07202280,5.05483979,-1.00000000,-1.00000000
416.75510560,-41.14717786,5.07293437,5.05594053,-1.00000000,-1.00000000
417.75490370,-41.16727564,5.07383471,5.05687920,-1.00000000,-1.00000000
418.75470140,-41.18738942,5.07486438,5.05782378,-1.00000000,-1.00000000
419.75449680,-41.20761377,5.07592345,5.05885917,-1.00000000,-1.00000000
420.75429250,-41.22783011,5.07687785,5.05989341,-1.00000000,-1.00000000
421.75409100,-41.24790191,5.07766978,5.06081556,-1.00000000,-1.00000000
422.75389170,-41.26786809,5.07857882,5.06164373,-1.00000000,-1.00000000
423.75368750,-41.28807209,5.07993129,5.06264879,-1.00000000,-1.00000000
424.75347190,-41.30883732,5.08176630,5.06409883,-1.00000000,-1.00000000
425.75325110,-41.32985374,5.08302911,5.06578977,-1.00000000,-1.00000000
426.75305110,-41.34985125,5.08257798,5.06671575,-1.00000000,-1.00000000
427.75289290,-41.36763013,5.07989736,5.06589507,-1.00000000,-1.00000000
428.75277340,-41.38309738,5.07617966,5.06318196,-1.00000000,-1.00000000
429.75266780,-41.39763164,5.07267418,5.05966770,-1.00000000,-1.00000000
430.75255810,-41.41243748,5.06982454,5.05635130,-1.00000000,-1.00000000
431.75244020,-41.42779467,5.06715249,5.05350544,-1.00000000,-1.00000000
432.75232120,-41.44322270,5.06425263,5.05073741,-1.00000000,-1.00000000
433.75220520,-41.45844974,5.06120195,5.04777502,-1.00000000,-1.00000000
434.75208940,-41.47367084,5.05834751,5.04473175,-1.00000000,-1.00000000
435.75196790,-41.48925895,5.05600946,5.04196208,-1.00000000,-1.00000000
436.75183580,-41.50551112,5.05458395,5.03984925,-1.00000000,-1.00000000
437.75168690,-41.52277279,5.05447976,5.03875883,-1.00000000,-1.00000000
438.75151050,-41.54155186,5.05585369,5.03885014,-1.00000000,-1.00000000
439.75129810,-41.56216190,5.05782811,5.03986494,-1.00000000,-1.00000000
440.75105610,-41.58415996,5.05945267,5.04102845,-1.00000000,-1.00000000
441.75079910,-41.60682879,5.06014091,5.04177389,-1.00000000,-1.00000000
442.75054060,-41.62956650,5.06021967,5.04191223,-1.00000000,-1.00000000
443.75028040,-41.65237627,5.06005195,5.04171106,-1.00000000,-1.00000000
444.75001690,-41.67533160,5.05987686,5.04142259,-1.00000000,-1.00000000
445.74974980,-41.69844311,5.05971063,5.04120921,-1.00000000,-1.00000000
446.74948230,-41.72157308,5.05955679,5.04107133,-1.00000000,-1.00000000
447.74921590,-41.74465272,5.05939594,5.04094221,-1.00000000,-1.00000000
448.74895010,-41.76770864,5.05922886,5.04076452,-1.00000000,-1.00000000
449.74868320,-41.79080861,5.05907064,5.04056888,-1.00000000,-1.00000000
450.74841530,-41.81395402,5.05894738,5.04043118,-1.00000000,-1.00000000
451.74814880,-41.83704000,5.05883562,5.04040520,-1.00000000,-1.00000000
452.74788670,-41.85993538,5.05867021,5.04036570,-1.00000000,-1.00000000
453.74762710,-41.88272057,5.05836453,5.04006608,-1.00000000,-1.00000000
454.74736100,-41.90578795,5.05802813,5.03938114,-1.00000000,-1.00000000
455.74707540,-41.92968330,5.05784723,5.03858509,-1.00000000,-1.00000000
456.74676500,-41.95459703,5.05795287,5.03810957,-1.00000000,-1.00000000
457.74643730,-41.98019620,5.05807786,5.03809500,-1.00000000,-1.00000000
458.74611220,-42.00569489,5.05783262,5.03817154,-1.00000000,-1.00000000
459.74579510,-42.03087692,5.05832492,5.03822168,-1.00000000,-1.00000000
460.74544540,-42.05732366,5.06189607,5.03950798,-1.00000000,-1.00000000
461.74497870,-42.08787749,5.06473914,5.04398864,-1.00000000,-1.00000000
462.74429350,-42.12483902,5.06708535,5.05275906,-1.00000000,-1.00000000
463.74337480,-42.16785203,5.07425982,5.06550516,-1.00000000,-1.00000000
464.74226910,-42.21433207,5.08686036,5.08333368,-1.00000000,-1.00000000
465.74113270,-42.26388833,5.10371379,5.11203865,-1.00000000,-1.00000000
466.73816290,-42.33747428,5.12026229,5.16694844,-1.00000000,-1.00000000
467.73276370,-42.44718735,5.16584004,5.23786571,-1.00000000,-1.00000000
468.72305240,-42.58895431,5.24966057,5.30270023,-1.00000000,-1.00000000
469.69213780,-42.83150202,5.23219491,5.39601567,-1.00000000,-1.00000000
470.65628850,-43.10862732,5.28781847,5.46172127,-1.00000000,-1.00000000
471.61595190,-43.39992801,5.38993375,5.49351493,-1.00000000,-1.00000000
472.55584980,-43.74028099,5.45933942,5.47911999,-1.00000000,-1.00000000
473.46066010,-44.16456717,5.47846444,5.48165663,-1.00000000,-1.00000000
474.31740740,-44.69029052,5.52837128,5.47701948,-1.00000000,-1.00000000
475.11676950,-45.30790940,5.50406870,5.50262775,-1.00000000,-1.00000000
475.84973970,-46.00554259,5.52839941,5.49854764,-1.00000000,-1.00000000
476.50731170,-46.77130887,5.48061862,5.50529979,-1.00000000,-1.00000000
477.08296420,-47.59333494,5.47473834,5.49066795,-1.00000000,-1.00000000
477.58360050,-48.45979031,5.39806136,5.45132574,-1.00000000,-1.00000000
478.02111810,-49.35873730,5.30363197,5.40017736,-1.00000000,-1.00000000
478.42448870,-50.27393326,5.22706180,5.33588891,-1.00000000,-1.00000000
478.81700740,-51.19390412,5.21680225,5.23225212,-1.00000000,-1.00000000
479.11344010,-52.14776337,5.20176849,5.18406577,-1.00000000,-1.00000000
479.31343410,-53.13073685,5.18126494,5.18689303,-1.00000000,-1.00000000
479.45529190,-54.12304096,5.13801219,5.16097863,-1.00000000,-1.00000000
479.55525800,-55.11749914,5.13064606,5.13012216,-1.00000000,-1.00000000
479.62781060,-56.11503178,5.13395364,5.12920587,-1.00000000,-1.00000000
479.68543640,-57.11335510,5.14985206,5.13093307,-1.00000000,-1.00000000
479.71266110,-58.11305089,5.15077438,5.13218821,-1.00000000,-1.00000000
479.70517970,-59.11301955,5.13394533,5.13082946,-1.00000000,-1.00000000
479.68263890,-60.11276599,5.13108628,5.13350905,-1.00000000,-1.00000000
479.66241650,-61.11257242,5.15249207,5.16191543,-1.00000000,-1.00000000
479.59573250,-62.11057028,5.16263481,5.19543232,-1.00000000,-1.00000000
479.47268630,-63.10391031,5.16088947,5.17820285,-1.00000000,-1.00000000
479.30307050,-64.08983558,5.15708619,5.15115247,-1.00000000,-1.00000000
479.10446280,-65.06989625,5.12557872,5.12651626,-1.00000000,-1.00000000
478.85334080,-66.03728777,5.10584783,5.11799470,-1.00000000,-1.00000000
478.54809570,-66.99040758,5.10558872,5.10466798,-1.00000000,-1.00000000
478.21449050,-67.93464135,5.12368115,5.09960945,-1.00000000,-1.00000000
477.84870830,-68.86498805,5.11345047,5.10853962,-1.00000000,-1.00000000
477.45516060,-69.78454281,5.09671146,5.08389900,-1.00000000,-1.00000000
477.05318550,-70.69977311,5.08096749,5.09783624,-1.00000000,-1.00000000
476.59175800,-71.58749012,5.04831650,5.06031264,-1.00000000,-1.00000000
476.09455280,-72.45577086,5.01967004,5.02052445,-1.00000000,-1.00000000
475.57979230,-73.31302398,5.02421380,4.99875550,-1.00000000,-1.00000000
475.04187240,-74.15593204,5.01848516,5.01479627,-1.00000000,-1.00000000
474.47446630,-74.97967338,5.02458206,5.04323460,-1.00000000,-1.00000000
473.87283250,-75.77846545,5.04953892,5.07669981,-1.00000000,-1.00000000
473.22468670,-76.53995312,5.08777215,5.13304210,-1.00000000,-1.00000000
472.55022530,-77.27827599,5.10833337,5.21501894,-1.00000000,-1.00000000
471.85645490,-77.99846753,5.15183894,5.32307986,-1.00000000,-1.00000000
471.14891210,-78.70513865,5.23374546,5.45193324,-1.00000000,-1.00000000
470.43316650,-79.40349963,5.34594190,5.58894279,-1.00000000,-1.00000000
469.70763600,-80.09169605,5.46749514,5.70881454,-1.00000000,-1.00000000
468.93464900,-80.72967615,5.53592173,5.82045073,-1.00000000,-1.00000000
468.11044490,-81.30765073,5.52685186,5.88206275,-1.00000000,-1.00000000
467.24231230,-81.82608681,5.52021772,5.94308117,-1.00000000,-1.00000000
466.33753960,-82.28545142,5.52631942,5.95195712,-1.00000000,-1.00000000
465.40341540,-82.68621158,5.49853799,5.96023043,-1.00000000,-1.00000000
464.44722840,-83.02883431,5.42850841,5.90800193,-1.00000000,-1.00000000
463.47626700,-83.31378662,5.35248230,5.83513864,-1.00000000,-1.00000000
462.49776790,-83.54162228,5.25668480,5.69794075,-1.00000000,-1.00000000
461.51447820,-83.72062872,5.12079911,5.53483807,-1.00000000,-1.00000000
460.52692690,-83.87881551,5.03958463,5.36866340,-1.00000000,-1.00000000
459.53912370,-84.03466444,4.95585061,5.20456740,-1.00000000,-1.00000000
458.54647610,-84.15506416,4.96687679,5.07654707,-1.00000000,-1.00000000
457.54767490,-84.20322491,4.97588657,5.00039058,-1.00000000,-1.00000000
456.54761710,-84.20115431,4.94671527,4.96576427,-1.00000000,-1.00000000
455.54772080,-84.18819512,4.92205658,4.94086685,-1.00000000,-1.00000000
454.54786530,-84.17077429,4.90329184,4.91955580,-1.00000000,-1.00000000
453.54844720,-84.13693806,4.89932399,4.91135403,-1.00000000,-1.00000000
452.54973170,-84.08616951,4.90758513,4.91695474,-1.00000000,-1.00000000
451.55144600,-84.02764498,4.92022114,4.92896650,-1.00000000,-1.00000000
450.55311730,-83.96986794,4.93088018,4.94053136,-1.00000000,-1.00000000
449.55453910,-83.91655177,4.93803396,4.94850296,-1.00000000,-1.00000000
448.55579320,-83.86648926,4.94281682,4.95385965,-1.00000000,-1.00000000
447.55694090,-83.81859069,4.94609868,4.95747030,-1.00000000,-1.00000000
446.55803550,-83.77181488,4.94865820,4.96016228,-1.00000000,-1.00000000
445.55912110,-83.72523156,4.95123605,4.96266797,-1.00000000,-1.00000000
444.56022540,-83.67824944,4.95412955,4.96547981,-1.00000000,-1.00000000
443.56133210,-83.63121410,4.95690943,4.96833478,-1.00000000,-1.00000000
442.56240570,-83.58488913,4.95898399,4.97063112,-1.00000000,-1.00000000
441.56343250,-83.53958528,4.96029539,4.97213683,-1.00000000,-1.00000000
440.56442630,-83.49501229,4.96116872,4.97312986,-1.00000000,-1.00000000
439.56540370,-83.45081083,4.96190277,4.97391135,-1.00000000,-1.00000000
438.56637380,-83.40677283,4.96257416,4.97461610,-1.00000000,-1.00000000
437.56733760,-83.36288063,4.96313574,4.97520581,-1.00000000,-1.00000000
436.56829460,-83.31914062,4.96354436,4.97565289,-1.00000000,-1.00000000
435.56924080,-83.27564891,4.96371012,4.97589269,-1.00000000,-1.00000000
434.57016880,-83.23257798,4.96350643,4.97580243,-1.00000000,-1.00000000
433.57107270,-83.19007084,4.96284249,4.97527048,-1.00000000,-1.00000000
432.57195370,-83.14810150,4.96178044,4.97430743,-1.00000000,-1.00000000
431.57281950,-83.10649965,4.96045475,4.97304533,-1.00000000,-1.00000000
430.57367800,-83.06507112,4.95903712,4.97163467,-1.00000000,-1.00000000
429.57454350,-83.02347465,4.95783583,4.97034281,-1.00000000,-1.00000000
428.57543640,-82.98122530,4.95724792,4.96955685,-1.00000000,-1.00000000
427.57637230,-82.93797218,4.95748455,4.96956992,-1.00000000,-1.00000000
426.57734440,-82.89388992,4.95829171,4.97026201,-1.00000000,-1.00000000
425.57832810,-82.84954579,4.95920774,4.97118066,-1.00000000,-1.00000000
424.57930520,-82.80534960,4.95996367,4.97198787,-1.00000000,-1.00000000
423.58027200,-82.76138700,4.96054110,4.97260635,-1.00000000,-1.00000000
422.58123150,-82.71759024,4.96099329,4.97309040,-1.00000000,-1.00000000
421.58218270,-82.67398582,4.96126904,4.97342496,-1.00000000,-1.00000000
420.58311840,-82.63073613,4.96122640,4.97348425,-1.00000000,-1.00000000
419.58403060,-82.58803190,4.96072105,4.97311517,-1.00000000,-1.00000000
418.58491860,-82.54589984,4.95978335,4.97228378,-1.00000000,-1.00000000
417.58579020,-82.50415777,4.95856324,4.97112749,-1.00000000,-1.00000000
416.58665430,-82.46259306,4.95723902,4.96981234,-1.00000000,-1.00000000
415.58752450,-82.42088583,4.95610851,4.96860203,-1.00000000,-1.00000000
414.58841930,-82.37859027,4.95555908,4.96787451,-1.00000000,-1.00000000
413.58935410,-82.33536270,4.95582367,4.96792277,-1.00000000,-1.00000000
412.59032910,-82.29121418,4.95675425,4.96867440,-1.00000000,-1.00000000
411.59133200,-82.24643951,4.95807768,4.96989228,-1.00000000,-1.00000000
410.59235860,-82.20113924,4.95949107,4.97115862,-1.00000000,-1.00000000
409.59337410,-82.15607640,4.96137450,4.97335043,-1.00000000,-1.00000000
408.59445340,-82.10964204,4.96233268,4.97472340,-1.00000000,-1.00000000
407.59547970,-82.06435625,4.96429638,4.97840667,-1.00000000,-1.00000000
406.59645210,-82.02026406,4.96681176,4.98139630,-1.00000000,-1.00000000
405.59737110,-81.97740408,4.96999384,4.98588884,-1.00000000,-1.00000000
404.59820480,-81.93657596,4.97410062,4.99103637,-1.00000000,-1.00000000
403.59895470,-81.89785865,4.97870163,4.99596256,-1.00000000,-1.00000000
402.59964530,-81.86069977,4.98295605,4.99974343,-1.00000000,-1.00000000
401.60031770,-81.82403434,4.98630779,5.00254727,-1.00000000,-1.00000000
400.60099530,-81.78722810,4.98903506,5.00506931,-1.00000000,-1.00000000
399.60168360,-81.75013123,4.99166099,5.00782332,-1.00000000,-1.00000000
398.60237950,-81.71282936,4.99452390,5.01088241,-1.00000000,-1.00000000
397.60308540,-81.67526262,4.99771041,5.01423051,-1.00000000,-1.00000000
396.60379320,-81.63764599,5.00118661,5.01762434,-1.00000000,-1.00000000
395.60447870,-81.60062596,5.00452726,5.02057852,-1.00000000,-1.00000000
394.60511400,-81.56498552,5.00706495,5.02253878,-1.00000000,-1.00000000
393.60570070,-81.53073566,5.00843304,5.02354113,-1.00000000,-1.00000000
392.60626250,-81.49721911,5.00900312,5.02390282,-1.00000000,-1.00000000
391.60683030,-81.46352564,5.00923074,5.02388945,-1.00000000,-1.00000000
390.60742520,-81.42903676,5.00932329,5.02359362,-1.00000000,-1.00000000
389.60806060,-81.39339395,5.00927440,5.02327548,-1.00000000,-1.00000000
388.60874490,-81.35640704,5.00929242,5.02334295,-1.00000000,-1.00000000
387.60949920,-81.31757421,5.00984502,5.02441916,-1.00000000,-1.00000000
386.61035310,-81.27625644,5.01174886,5.02726217,-1.00000000,-1.00000000
385.61131050,-81.23250950,5.01565152,5.03210071,-1.00000000,-1.00000000
384.61232800,-81.18740860,5.02129353,5.03821502,-1.00000000,-1.00000000
383.61335500,-81.14209973,5.02771208,5.04463294,-1.00000000,-1.00000000
382.61435620,-81.09736361,5.03405895,5.05062089,-1.00000000,-1.00000000
381.61530690,-81.05376872,5.03974314,5.05571426,-1.00000000,-1.00000000
380.61618510,-81.01186717,5.04427792,5.05952163,-1.00000000,-1.00000000
379.61699000,-80.97175353,5.04742009,5.06207703,-1.00000000,-1.00000000
378.61772920,-80.93331062,5.04931644,5.06335216,-1.00000000,-1.00000000
377.61842820,-80.89592717,5.04993875,5.06333085,-1.00000000,-1.00000000
376.61914570,-80.85805062,5.04960675,5.06276906,-1.00000000,-1.00000000
375.61994830,-80.81799645,5.04965167,5.06378301,-1.00000000,-1.00000000
374.62079110,-80.77695310,5.05190259,5.06752326,-1.00000000,-1.00000000
373.62147370,-80.73999411,5.05574844,5.07156099,-1.00000000,-1.00000000
372.62185510,-80.71239287,5.05727721,5.07091420,-1.00000000,-1.00000000
371.62202990,-80.69370857,5.05264154,5.06351814,-1.00000000,-1.00000000
370.62214640,-80.67842817,5.04261671,5.05219708,-1.00000000,-1.00000000
369.62228860,-80.66157125,5.03117012,5.04126851,-1.00000000,-1.00000000
368.62246910,-80.64257392,5.02119381,5.03252265,-1.00000000,-1.00000000
367.62267600,-80.62222648,5.01314299,5.02594876,-1.00000000,-1.00000000
366.62291940,-80.60018272,5.00700815,5.02061972,-1.00000000,-1.00000000
365.62325750,-80.57412612,5.00237510,5.01579079,-1.00000000,-1.00000000
364.62376200,-80.54249764,4.99965599,5.01240632,-1.00000000,-1.00000000
363.62416040,-80.51388050,4.99864522,5.01550455,-1.00000000,-1.00000000
